product_id,product_name,aisle_id,department_id
33627,Mix Popcorn,107,19
18193,Tangerine Lime Drink Tabs,100,21
47100,Fire Roasted Diced Tomatoes With Seasonings,81,15
48184,Soy Curls,107,19
31574,Chocolate Deluxe Bars,3,19
45363,Stewed Mexican Recipe Sliced Tomatoes,81,15
14132,Chili Con Carne,38,1
26904,Fruit Squishems Apple Strawberry,99,15
39418,Sparkling Spruce Timeless Joy Holiday Candle,100,21
28086,Pineapple Orange Strawberry 100% Juice,31,7
200,Radiant Pantiliners Regular Wrapped Unscented,126,11
36124,Culture Club Cabernet Grape Kombucha,31,7
21936,Vegetarian Refried Beans,59,15
15135,Wraps Multi-Grain,128,3
44563,Pumpkin Corn Tortilla Chips,107,19
38122,24oz Heat & Eat Container,85,17
28397,Blueberry Cobbler,48,14
34375,Salt Free Garam Masala Blend,104,13
32359,Water Softening Pellets,87,17
18238,Condensed Cream Of Onion Soup,69,15
29286,Vegetarian DHA Softgels,47,11
38841,Slow Cooker Sauces Apple Bourbon Pulled Pork,5,13
24179,Real Vegetable Chips Sweets & Beets,107,19
34572,Forest Body Wash,25,11
26966,Chocolate Covered Ring Jells,33,6
148,Nectarines,24,4
44666,Original Nooks & Crannies Cinnamon Raisin English Muffins,93,3
8640,Invisible Solid Spring Breeze Antiperspirant/Deodorant 2.6 oz AP/DO & Body Spray,80,11
32056,Organic Super Tampons Wth Applicator,126,11
43237,Freeze Off Wart Removal System,118,11
41511,Plastic 16 oz. Cups,111,17
37343,Kefir Nonfat with FOS Organic Vanilla,120,16
35594,Organic Hemp Plus Granola Cereal,57,14
19923,Blueberry B Monster,31,7
2211,Triple Enzyme Formula Spray Laundry Stain Remover,75,17
31493,Soft Toothbrush Powered By Yogurt Cups,20,11
3932,Wasabi,66,6
37161,Blueberry Acai Yogurt,120,16
7095,Vanilla Bean Tea Bags,94,7
3594,Milk Whole,84,16
41233,Riced Cauliflower,100,21
16913,Licorice Soft,45,19
39365,French Vanilla Syrup,29,13
10982,Organic Nectarine & Plum Conserve,123,4
35976,Sweet Cream Whipped Butter Salted,36,16
39370,Honey Peanut Butter Hot Oatmeal Bowl,130,14
31235,Velveeta Reduced Fat 2% Milk Shells Cheese,4,9
27873,Gourmet Spicy Barbecue Sauce,5,13
32901,Organic Half & Half Guayusa Lemonade Tea,94,7
29869,New Zealand Artesian Water,115,7
5046,Vanilla Chocolate Peanut Butter Ice Cream Bars Multi-Pack,37,1
2323,Rich Chocolate Flavored Milk Mix,90,7
42970,Lite Honey Mustard Dressing Topping & Spread,89,13
2768,Lip Care Stick,109,11
48727,Garlic & Herb Pasta Sauce,9,9
20443,Pita Bites Original Sea Salt,78,19
45355,Deep Clean Cream Cleanser,73,11
31966,Angel Hair Pasta With Herbs,4,9
41380,Country Style Pork Ribs,122,12
43281,Organic Lemon Perfume Oil,101,17
15171,Reclosable Sandwich Extra Large Bags,85,17
9721,Steamfresh Protein Italian Style,116,1
28158,Farmer Cheese,108,16
21927,Organic Boneless Skinless Chicken Breast,35,12
16064,Bread Crumbs Panko Seasoned Italian Style,5,13
34864,Pet Waste Bags,40,8
48383,Whole Wheat Flour,17,13
20636,Pure Sport Body Wash,127,11
6180,Fit Popcorn Extra Virgin Olive Oil,23,19
42636,Organic Microwave Popcorn No Salt or Oil,23,19
45816,Fresh Collection Fiji Antiperpirant & Deodorant,80,11
31873,Unscented Regular Pantiliners,126,11
7991,Smoth & Creamy Low Fat Vanilla Frozen Yogurt,37,1
38531,Organic Sweet Potato Multigrain Tortilla Chips,107,19
6577,Sense & Spray Str Clean Linen Scent Air Freshener,101,17
31250,Apples Honeycrisp,100,21
10521,Carb Balance Small Fajita Whole Wheat Tortillas,128,3
44203,Crystal Pacifier,82,18
6949,Creamy Broth with Mackerel & Vegetables Cat Food,41,8
4829,Life Wheat + Protein Bread,100,21
36362,Baked Crackers Cheddar Cheese,48,14
4470,Cherry Liquid Drink Mix,90,7
11800,Italian Castelvetrano Whole Green Olives,110,13
315,Creamy Italian Dressing Marinade,89,13
20677,Homestyle Creamy Chicken & Herb Dumplings Soup,69,15
18393,Mango Baby Breakfast Stage 2,92,18
31317,Mandarin Oranges in Light Syrup Fruit Cups,99,15
19892,Classic Basil Pesto Sauce,9,9
18628,Organic Volcano Rice Ready To Eat Bowl,4,9
5583,Kentucky Whisky,124,5
34747,The Hulk Banana Coconut Spirulina Paleo Muffins,93,3
35087,Blemish Clearing Serum,73,11
18766,Canola Vegetable Oil Blend,19,13
32343,Bianco Doro Italian Dry Salame,96,20
38625,Tomato Sauce With Basil,9,9
7599,Sensor 2 Plus Disposable Razors,55,11
4730,Original Toothbrush Soft Right,20,11
29960,Acini di Pepe, 78,131
7515,Spinach And Ricotta Ravioli,2,16
42849,Ice Cream Cones,61,19
15556,Original Sliced Grand Cru Cheese,21,16
38094,Sriracha Ketchup,72,13
21957,Bittersweet Sea Salt Chocolate Bar,45,19
42796,Broccoli Pot Pie With Cheddar Cheese Sauce,42,1
42805,Sliced Jalapenos,110,13
20571,Cashew Butter + Bourbon Vanilla Chocolate Bar,45,19
1591,Redness Relief Cooling Eye Drops,44,11
22272,Gluten Free Matzo Ball & Soup Mix,33,6
1031,Cold Remedy Orange Cream Ultra RapidMelt,11,11
24466,Moroccan Red Clay and Argan Stem Cell Pore Minimizing Facial Scrub,109,11
20076,Ruffles Have Ridges Reduced Fat Potato Chips,107,19
9593,Grilled Salmon Feast in Gravy Cat Food,41,8
39051,Organic Tropical Fruit Blend,116,1
41006,Organic Onion Powder,104,13
36552,Gourmet Popping Corn Original,23,19
19792,L-Glutamine Dietary Supplement,47,11
33055,Organic Golden Delicious Apple,24,4
1705,Disney Frozen Fruit Flavored Snacks,50,19
6751,Drink Tabs Strawberry Lemonade,64,7
13657,Coleslaw Dressing Calorie Free,89,13
9268,Organic Fruit Spread Wild Blueberry,88,13
14204,Organic White Meat Chicken Pie,38,1
35006,Glycerin Hand Soap Rosemary,25,11
34830,Tini Twists Pretzels,107,19
16228,Pad Thai Noodle Bowl,66,6
8995,Oatmeal Instant Banana Maple with Flax,130,14
22782,Original Key Lime Pie Yogurt,120,16
3919,Hearty Grains 100% Whole Wheat English Muffins,93,3
11221,Rotini Pasta With Three Cheese Sauce,4,9
22412,HE Turbo Clean Ultra Stain Release Liquid Laundry Detergent,75,17
16704,Bag Pink Lady Apples,123,4
13390,Deli Deluxe 2% Milk American Cheese Slices,21,16
9027,Drink Original Unsweetened,91,16
3212,Vinegar Red Wine,19,13
6677,Organic Whole Mushrooms,123,4
8649,Variety Snaps With Real Beef/Chicken/Liver & Lamb Flavors,40,8
34457,100% Organic Unbleached White Whole Wheat Flour,17,13
42355,ProActive Health MiniChunks Adult Dog Food,40,8
16356,Turkey & Brown Rice Dog Food,40,8
33819,Original French Vanilla Yogurt,120,16
46381,Tricolor Pearl Couscous,63,9
13905,Shabbos Candles,33,6
30801,Classic Original Mint Mouthwash,20,11
21623,ZzzQuil Nighttime Liquid Sleep-Aid Twin Pack,11,11
7290,Peas Baby 2nd Foods,92,18
40396,Guacamole,67,20
48126,Braunschweiger Lunchmeat,7,12
18674,Spaghetti Tangy Italian Dinner,4,9
18811,Organic Apple Juice,98,7
3503,Gentle Glide 360° Fresh Scent Regular/Super Absorbency Multi-Pack Tampons,126,11
25357,Homestyle Harvest Tomato with Basil Soup,69,15
11025,Mighty Pacs,75,17
15036,Allergy 24 Hour 10mg Tablets,11,11
4244,MSM Sulfur Capsules,47,11
46110,Triple Zero Cherry Greek Yogurt,100,21
41763,Turkey Gravy Mix,5,13
40125,Face Scrub Original,109,11
20439,All Natural Almond Slices,117,19
41383,Family Size Hearts of Romaine,123,4
4029,Organic Corn Thins Original,107,19
47593,Tots Yogurt Mish Mash Berry Banana Beet,92,18
3781,Sheer Moisture Lip Tint - Adorn,132,11
17228,Sriracha Chicken Breast,35,12
48716,Meyer Lemon Miracle Tart,8,3
31192,Free & Clear  Natural Dish Liquid,74,17
4460,Non Gmo Snickerdoodle Protein Bar,3,19
42698,Hot Pork Sausage,52,1
28093,Pork Potsticker,129,1
30856,Whole Grain White Hamburger Buns,43,3
20377,Water Chestnuts Sliced No Salt Added,66,6
18330,Click Gel Automatic Citrus Scent Toilet Bowl Cleaner,114,17
27457,100 Grand Fun Size Bars,45,19
16471,Chocolate Decorating Decors,97,13
11709,Milk Chocolate Coconut & Almonds Bar,45,19
10531,Easy Quinoa Mushroom & Vegetable Medley,63,9
49193,SmartBlend Chicken & Rice Formula Adult Dry Dog Food,40,8
1793,Citrus Beverage Sparkling with Natural Pulp,77,7
42459,Sinus-Max Pressure & Pain Relief,11,11
9061,Italian Sausage & Rigatoni Pasta,38,1
16099,Heart Healthy Italian Style White Bean & Chicken Sausage,69,15
46744,Organic ZFruit Rope Fruit Punch Flavor,117,19
36131,Elderberry Syrup,47,11
32947,Organic Pita,128,3
263,Red Food Color,97,13
37228,Mango Lowfat Kefir,120,16
39702,Low Fat Milk,84,16
13357,Pomegranate Berry Sparkling Water with Juice,115,7
26089,Broccoli Squash Carrots Onion Red Pepper Steamables,116,1
44490,Organic BBQ Sauce Original,5,13
14304,Maxi Super Pads,126,11
3155,Foaming Scrub Pink Grapefruit Oil-Free Acne Wash,73,11
42711,Jumbo Crinkle Cut French Fries,129,1
24464,Crunchy Apple Chips Cinnamon,50,19
20816,Lasagna Whole Wheat/Whole Grain,131,9
28439,Grape Fruit Ice Bars,37,1
42516,Organic Grass Fed Ghee,19,13
33318,Sea Salt Soiree Intense Dark Chocolate Squares,45,19
15421,Double Bergamot Earl Grey,94,7
29963,Moroccan Argan Oil Renewing Shampoo,22,11
26352,Chicken Caesar Salad,1,20
35628,Organic Strawberry Smoothie,120,16
16948,Clean Burst Liquid Laundry Detergent,75,17
1123,Fruit Vegetable Mango Fruit Square,99,15
31265,Chunky Turkey Feast Cat Food,41,8
46710,Graduates Waffle Wheels Banana Cream,92,18
17412,Mini Lemon Bites,8,3
33787,Total 2% Lowfat Greek Strained Yogurt with Peach,120,16
30377,Fat Free Chocolate Milk,84,16
9469,33 Gal with Flap Closure Black Extra Large Trash Bags,60,17
24011,2nd Foods - Beef & Beef Gravy,92,18
851,Chile Con Queso Potato Crisps,107,19
12981,Strawberry Nonfat Yogurt,100,21
40770,Sweet Peas Valley Fresh Steamers,116,1
20413,Berry Pomegranate Chia Energy Bar,3,19
23893,Original Perkys Crunchy Rice Cereal,121,14
11633,Sweet & Tangy Glaze and Dipping Sauce,66,6
10821,Reduced Fat Colby Jack Cheese Sticks,21,16
16733,Polish Silver Bottle,114,17
36803,Macro Greens,116,1
10594,Christmas Crunch,121,14
4614,Burrata alla Panna,21,16
23095,Flame Grilled Beef Patty,34,1
40074,Quenching + Coconut Curls Shampoo,22,11
4316,Cheese Trio Quiche,38,1
6425,Everyones Favorite Chocolate Chip Cookie Mix,105,13
10744,Chicken Noodle R&W Condensed Soup Family Size,69,15
3264,Muesli Bircher (Unsweetened),57,14
26780,Superfood Pesto Sauce,9,9
45080,Body Bar Soap Milk & Honey Complexion,25,11
29661,Chardonnay Premium Dealcoholized Wine 2011,62,5
30822,Thirst Quencher Lemon-Lime/Fruit Punch/Orange Variety Pack Sports Drink,64,7
23790,Total Moisture Aloe Fresh Hydrating Lotion,127,11
19388,Mushroom Steak Sauce,100,21
28080,Sugar Free Italian Sweet Creme Coffee Creamer,53,16
28147,Farmer Cheese No Salt Added,21,16
20980,Spinach Mountain Bread,128,3
12093,Rubber Bands,6,2
48100,Classic Caramel Flavoring Syrup,29,13
13915,Wet Skin Broad Spectrum SPF 30 Sunscreen Spray,127,11
39127,Classic Crust Pepperoni Pizza,79,1
47978,Sugar Cookie Dough,105,13
40579,Whole Kosher Dills,110,13
36547,Aloe Vera Juice Whole Leaf,47,11
10908,Brown Sugar Cubes,17,13
14937,Re-Fresh Body Spray Fiji with Palm Tree,80,11
16512,Pressed Lime Lemonade,29,13
17923,Crinkle Cut Fries,129,1
38533,Creamy Deluxe Macaroni Dinner Elbows & Four Cheese Sauce,4,9
35617,Disinfecting Wipes Citrus Scent,114,17
8791,Lundberg 9.5 Oz,107,19
42761,Sweet Dreams Magickal Mineral Bath Salt Jasmine Sandalwood & Vanilla,25,11
27698,Garlic Bread Pepperoni Pizza,79,1
22724,Family Size Macaroni & Cheese,38,1
42150,Pull-Ups Learning Designs Training Pantsfor Girls Size 3T-4T,56,18
43003,Organic Lemon Agave Vinaigrette,89,13
10566,Blue Plus Bleach,114,17
6809,Berry Bunnies Cereal Organic,121,14
28788,Vermont Cheddar Mac & Cheese,100,21
22284,Sweet & Salty Popped Snack Mix,125,19
9929, Organic Chocolate Cake,8,3
4806,Oat Milk Soap,25,11
27818,Liquid Eggs Whites,86,16
20832,Potato Chips Original Lightly Salted,107,19
25653,Organic Plain Yogurt,120,16
36343,9 Pie Shell,58,1
33899,Red Wine Blend,28,5
29131,Color Revitalize Protection for Color Treated Hair Conditioner,22,11
293,Prime Filets Chicken & Tuna Dinner in Gravy Cat Food,41,8
23821,Organic Chili Spicy,59,15
43747,Sport Anti Perspirant & Deodorant Gel,80,11
5523,Super C 1000 mg Tablets,47,11
43010,Tomato Juice From Concentrate,98,7
1600,Mediterranean Orzo Salad,1,20
35130,French Chocolate Fat Free Ice Cream,37,1
28660,Silhouette for Women S/M Briefs,6,2
3031,100% Colombian Medium Roast K-Cup Packs Arabica Coffee,26,7
32375,Tamarind Soda,77,7
12378,Organic Toilet Bowl Cleaner,114,17
17817,Pimiento Stuffed Spanish Green Olives,110,13
19461,Swanson Premium Chicken Breast Chunks,95,15
6269,Brisling Sardines In Water,95,15
20483,Cherry Flavored Allergy,11,11
47504,Blueberry Breakfast Biscuits,48,14
18050,Gluten free Spaghetti,131,9
26132,Spreadable Light Butter & Canola Oil Blend,36,16
13506,Magic Shell Chocolate Fudge,103,19
46028,Korean Style Barbecue Bulgogl Sauce,5,13
24987,Kettle Corn Seasoning,23,19
27771,Eggplant,83,4
9502,Menthol Nasal Swab,11,11
28128,French Roast Dark Coffee,26,7
22133,Lindor Assorted Chocolate Truffles,45,19
629,Probiotics Women 50 & Wiser Vegetarian Capsules,70,11
49625,Golden Wheat Deep Cleanse Shampoo,22,11
29672,Lactose Free Low Fat Vanilla Yogurt,120,16
12760,Organic Hojicha Green Tea,94,7
45837,Truffles Organic Coconut Karma,45,19
31902,Urinary Health Extra Strength Liquid Cranberry,47,11
41844,Honey Nut Cheerios,121,14
38008,Beyond Grain Free Chicken & Sweet Potato Recipe Pate Cat Food,41,8
12131,Non-lotion White Facial Tissue,54,17
29210,Texas Toast,112,3
24129,Natural Fresh Goat Cheese,21,16
3940,Nonfat Cottage Cheese,108,16
35315,Premium Green Tea,94,7
40172,Deli Shaved Honey Ham,96,20
2214,Power & Free Multi-Purpose Cleaner,114,17
39861,Flax Plus Hot Oatmeal,130,14
12576,Kiwi Sandia Sparkling Water,115,7
11898,Foods Gourmet Dry Salami Black Pepper,96,20
22956,Thin Crust Trio Bacon Pizza,79,1
30913,Organic Green Tea,94,7
30196,Red Cooking Wine,19,13
673,Chicken Base,69,15
26616,French Lavender Clarifying Shampoo,22,11
4505,Espresso Chocolate Creamer,100,21
46545,82% Dark Chocolate Bar with Bourbon,45,19
33328,Season and Cooked Pulled Beef,7,12
43228,Hemp Nourishing Shampoo,22,11
15869,Sweet Hot Dog Buns,43,3
39448,Cold Brew Coffee Mocha,91,16
13427,Cranberry with Lime Juice Cocktail,98,7
42191,G Series Perform Frost Glacier Cherry Sports Drink,64,7
30568,Go Fresh Cool Essentials Anti-Perspirant Deodorant,80,11
43459,Puffs Cheese Flavored Snacks,107,19
26013,Organic Dried Papaya,50,19
23474,Couscous Israeli Traditional,63,9
34355,Spearmint Sugar-Free Gum,46,19
9977,Paws Xl,100,21
23150,Vegetable Classics 99% Fat Free Lentil Soup,69,15
10260,Zingz Queso Fundido Baked Snack Crackers,78,19
39175,Chunk White Albacore in Water,95,15
44617,Propolis Eucalyptus Manuka Honey Lozenge,100,21
21229,Brown Red & Black Ready Rice,63,9
32123,Whole Ground Golden Flaxseed Meal,17,13
22168,Whole Maine Cherrystone Clams,95,15
47510,Designer Paper Plates 7 In,111,17
20497,Original Antibiotic Ointment,118,11
3883,Chicken Fingers,34,1
21028,Calcium and Fiber Supplement,70,11
46891,Way Better Snacks Sweet Potato Corn Tortilla Chips,107,19
726,Gluten-Free Boom Chicka Pop Sweet & Spicy Popcorn,23,19
48611,Milk Chocolate Candies Fun Size Bags,45,19
27928,Cotton Balls,118,11
509,Starting Solids Carrots Organic Baby Food,92,18
24514,Fig Newtons Fat Free Cookies,61,19
32510,Steak Seasoning & Rub,104,13
4879,Milk Fat Free,84,16
24613,Sweet Potato Puffs Cereal Snack,92,18
14418,Ezekiel 4:9 Sprouted Grain Pasta Penne,131,9
40138,Chocolate Chip Heart Thrive,8,3
36202,Organic Red Wagon Coffee K-Cups,26,7
14565,Roadhouse with Bean Chili,95,15
39884,Calorie Free Pancake Syrup,29,13
43947,Sausage & Mushroom Thin Pizza,79,1
23389,Original Ultra Concentrated Dish Soap,74,17
39367,Breakstones Cottage Doubles Strawberry,100,21
6393,Protein Plus Mango Protein Shake,31,7
23350,Chow Mein Seasoning Mix,66,6
12053,Panama Peach Antioxidant Infusion,31,7
15128,Apricot from Concentrate Nectar,98,7
46439,Italian Sliced Bread,112,3
44484,Grain Free Naturals Dry Dog Food Chicken & Garden Pea Recipe,40,8
9621,Cornbread & Muffin Mix,105,13
32583,Adhesive Bandages Flexible Fabric Assorted Sizes Bonus,118,11
6516,Ham & Swiss On Rye,13,20
26224,Sparkling Lime Water,115,7
13421,Advanced Care Plaque Guard Frosted Mint Antiplaque Mouthwash,20,11
27047,Bloody Mary Cocktail Mix,6,2
30701,Sweet & Salty Nut Chocolate Pretzel Nut Granola Bars,48,14
34144,Whole Grain Buttermilk Pancake & Waffle Mix,130,14
6068,Black Pepper Fine Grind,104,13
1571,Trading Company All Natural Black Bean Spicy Dip,51,13
38184,Poppy Bagels,52,1
39585,Chinese Fried Rice Seasoning Mix,66,6
46040,Ear Relief Ear Drops,44,11
17966,Caffeine Free Diet Coke Mini Bottles,77,7
3017,Travel Unscented Wipes,56,18
26759,Solid Light Tuna In Olive Oil,95,15
7917,Original Hazelnut Liqueur,124,5
7206,Cilantro Avocado Yogurt Dressing,89,13
22326,Indian Vegetable Korma Entrée,38,1
33992,Organic Curly Parsley,16,4
25783,Lemon Lime Thirst Quencher,64,7
6803,Rose Lemonade,98,7
40800,Gluten Free Rice Bread,58,1
27099,Peanuts Caramel and Chewy Nougat Chocolate Candy Bar,45,19
17382,Catnip Mice Skitter Critters,41,8
9958,Honey Smoked Turkey Breast,96,20
25161,High Life Beer Cans,27,5
23429,Baby Corn Vegetable Trio,123,4
7235,Stevia Plus Powder,17,13
42009,Body Powder Original Strength,118,11
44123,Colby Jack Cheese Sticks,21,16
31878,Package Kiwi,123,4
11282,Indulgent Coconut Milk Body Wash,127,11
26389,Multi-Purpose 8 Scissors,87,17
5349,Original Plus Vitamins & Minerals Cat Food,41,8
16841,Soap Saver 2 Pack,87,17
11098,Organic Sencha Green Tea,66,6
1391,Town House Light & Buttery Original Oven Baked Crackers,78,19
8544,Ground Pepper Cayenne,104,13
37833,Soft Regular Pulsar Toothbrush,20,11
41350,White Spearmint Sugar-Free Gum,46,19
36984,Villa Toscana Wine,28,5
29103,Zero Go-Go Mixed Berry Vitamin Water,64,7
28076,Fettucini Alfredo Savory Italian Recipes,38,1
20814,Sensitive with Iron Infant Formula,92,18
17346,Acne Medication Rapid Treatment Face Wash Maximum Action,73,11
2111,Organic Cappuccino Protein Shake,64,7
37774,Artesian Sparkling Water,115,7
32461,Spaghetti Cool Shapes Star Wars,59,15
27260,Cafe Latte Vanilla,98,7
8386,4X Ultra Concentrated Natural Laundry Detergent Geranium Blossoms & Vanilla,75,17
11437,Gluten Free Blueberry Oat Muffin Tops,52,1
7985,Gluten-Free Reduced Sodium Popcorn,23,19
10601,My First Fluoride-Free Infant & Toddler Toothpaste Mild Fruit,20,11
14669,Italian Pasta Sauce Basilico Tomato Basil & Garlic,9,9
43043,Tropical Fruit Salad Organic in Organic Pineapple & Passionfruit Fruit Juices,99,15
10709,Non Dairy Chunky Monkey,37,1
32623,Natural Raspberry Soda,77,7
13587,Vermont Maple & Sea Salt Microwave Popcorn,23,19
27056,Beef Mini Bagel Dogs,106,12
45020,Arnica Oil,133,11
44838,Yucatan Sunshine Habanero Pepper Sauce,72,13
47550,Refreshing Breeze Mold & Mildew Remover,114,17
5,Green Chile Anytime Sauce,5,13
12631,Discreet Incontinence Underwear Maximum Classic Cut Extra-Large,126,11
27004,Cherry Menthol Cough Suppressant Drops,11,11
32588,Refillable Primordial Himalayan Sea Salt Grinder,104,13
7516,Gluten Free Rosemary Herb Lentil Crackers,78,19
30926,Chocolate Fudge Stripe Layer Cake,119,1
28625,Ultra Pasteurized Grade A Heavy Whipping Cream,53,16
5646,Organic Turkey Bacon,106,12
30229,Extra Clean Medium Toothbrush,20,11
11445,Bite Size Candies Tropical,100,21
20022,Granulated White Cane Sugar,17,13
19828,Red Delicious Apples,24,4
1567,FreshMatic Ultra Fresh Waters Automatic  Spray Refill,101,17
46930,Sea Salt Caramel Popcorn,23,19
28728,Organic Falafel,129,1
22534,Kashmiri Curry Mild Indian Simmer Sauce,76,6
15976,Diced Peaches in 100% Fruit Juice,99,15
41727,Gluten Free Breaded Chicken Breast Strips,34,1
24729,Cabinet Makers Wax,114,17
45032,Bleu Cheese Salad Dressing And Dip,89,13
4868,Caraway Seeds,104,13
25115,Pizzeria Thin Crust Primo Pepperoni Pizza,79,1
3169,Brown & Serve Original Breakfast Sausage Links,52,1
35323,Greek Yogurt Blueberry,120,16
23262,Unfrosted Strawberry Pop Tarts,48,14
37032,Hawaiian Hazelnut Flavored Coffee,26,7
3376,Organic Whole Kernel Sweet Corn No Salt Added,81,15
14884,Almond Sea Salt 72% Cocoa Square,45,19
18399,Chicken & Cheese Burrito,34,1
22270,Organic Classic Marinara Pasta Sauce,9,9
33671,100% Pineapple Juice,98,7
33073,King Size Corn Tortillas,128,3
3420,Raw Jack Style Cheese,21,16
24840,Chocolate Kale Krunch,50,19
32412,Garbanzo Beans No Salt Added,30,6
3738,Calendula Baby Diaper Care,102,18
47101,Greek Yogurt Black Cherry,120,16
26849,Age Defying Daily Facial Moisturizer,73,11
31396,French Vanilla Sugar Free Coffee Creamer,53,16
14846,Gluten Free Chocolate Almond Bar,3,19
35704,Gluten Free Hamburger Buns,58,1
41535,Rice Pecan Bread,112,3
37187,Mangos Organic Baby Food,92,18
41712,American Classic Creamy Peanut Butter,88,13
22648,Organic Power Grains,63,9
12297,Harpers Bazaar,87,17
17310,Chocolate Chip Love Cookies,61,19
14367,Cloves,6,2
45312,Clear Tone Pink Rosa Antiperspirant Deodorant,80,11
31094,Spicy Spinach Blend,123,4
11108,Nestle Coffeemate French Vanilla Flavored Instant Coffee,26,7
2976,High Protein Advanced Formula Cat Food,41,8
16324,Peppermint Flavored Ultra 1000 Maximum Strength Antacid & Calcium Supplement Chewable Tablets,70,11
34220,Honey Lavender Stress Relief Tea,94,7
3759,Smoked Salt Caramels in Milk Chocolate,45,19
31248,White Potato,83,4
26210,Almond Gold Bar,45,19
33879,Pore Refining Toner,73,11
13481,Extra Noodle Soup Mix,69,15
38746,1000 Roses Pearl Exfoliator for Sensitive Skin,25,11
10428,Original Large Dog Biscuits,40,8
7169,Organic Yellow Potatoes,83,4
43561,Exotic Thai Red Rice & Flaxseeds Rice Toast,78,19
9448,Original Liquid Fabric Softener,75,17
31931,Pure Fire Tonic Apple Cider Vinegar Drink,77,7
23658,Air Freshener Crisp Waters Spray,101,17
7135,Cream Of Chicken Family Size,69,15
43515,L-Lysine 500 mg Capsules,65,11
43780,Extra Cleansing Vinegar & Water Douche,126,11
17281,White with 30% Cacao Content Organic Chocolate,45,19
19430,Rye Flour,6,2
31444,Crystallized Ginger In Dark Chocolate  Bar,45,19
16159,Free & Gentle Liquid Laundry Detergent,75,17
45059,Meat Loaf Seasoning Mix,5,13
30013,Organic Asian Blend Mixed Vegetables,123,4
22989,Smoked Sausage,106,12
47413,Sugar Free Orange Marmalade,88,13
16110,Half Boneless Ham,7,12
35551,Italian Parsley,16,4
44468,Tea Biscuits,78,19
47341,Reduced Fat Parmesan Cheese,9,9
33611,100% Pure Coconut Water,98,7
12762,Citrus Iced Green Tea,94,7
38167,Ultra Downy® Clean Breeze™ Liquid Fabric Conditioner 51 Fl oz. 60 loads Fabric Enhancers,75,17
45087,Strawberry-Rhubarb Swiss Preserves,88,13
43689,Tub And Tile Spray Cleaner,10,17
44223,Frozen Corn On Cob,116,1
14129,Organic Chicken Bone Broth,69,15
45856,Cherry Vanilla Granola,6,2
49225,Monterey Jack Jalapeno Stuffed Pretzels,129,1
31941,CLA-1300 Max Potency,47,11
20583,Sourdough Baguette,112,3
19968,Organic Gluten-Free Ancient Grain Pasta Elbows,131,9
44891,Unsalted Slivered Almonds,17,13
44845,Raw Cashew Nut Butter,88,13
8323,Cold Brew Coffee Island Latte,26,7
22765,Organic Sliced Fremont Sour White,112,3
15485,Green Tea Bags,94,7
42715,XXX Habanero Salsa Hot,51,13
31462,Morning Burst® Facial Scrub Cleansers,73,11
48243,Peach Zero Calorie Iced Tea,94,7
38189,Clif Kid ZBar Organic Iced Lemon Cookie Energy Bars,3,19
11757,Crossovers Coconut Chocolate,120,16
23445,Roast Chicken Flavor Ramen Noodle Soup,4,9
8538,Honey Mustard Dressing Topping & Spread,89,13
11902,Baked Garlic Pita Chips,107,19
2792,U Cubes Childrens Multi Vitamin & Mineral Gummies,47,11
26485,Chunky Peanut Butter Chocolate Super Food Bar,3,19
49292,Red Wine Crianza 2009,28,5
28887,Easy Flaps Tall Kitchen Bags 13 gal,60,17
33649,Penne Brown Rice Pasta,131,9
33535,Ume Plum Vinegar,66,6
49604,Beef and Bean Green Chili Burritos,38,1
23824,Fruit Punch & Berries n Cherries Fruit Snacks,50,19
26892,Everything Hummus,67,20
17312,Cheese Corn Thins,107,19
32649,Organic Watermelon Cream Soda,77,7
28745,Oven Roasted Turkey,96,20
11073,Diet Orange Diet CSD,77,7
17272,Gut Shot Garlic Dill Pickle,110,13
43019,Thin Crust Spinach And Mushroom Pizza,79,1
25759,Deodorant Regular Gentle Glide,126,11
20644,Greek Peppers Pepperoncini,110,13
31976,7 OZ WESTMINISTER CHEDDAR SHARP,2,16
35986,2-Ply 100% Recycled Bathroom Tissue,54,17
10822,Organic Black-Eyed Peas,59,15
24542,Organic Carrot Split Pea Kamut Veggie & Protein Puree,92,18
45657,Gain Original Tall Ktchen Bags,60,17
37414,Seeded Hearty Rye Loaf Bread,112,3
6833,Udos Choice Super 8 Probiotic Capsules,47,11
24267,Orange Seltzer Water,115,7
3222,Organic Pickled Beets,110,13
6263,Vinters Collection Chardonnay,62,5
46598,Shake N Bake Extra Crispy Seasoned Coating Mix,105,13
17952,Flings Original 3-in-1 Laundry Detergent Pacs,75,17
8566,Almond Butter Smooth/Unsalted,88,13
29862,Uniquely Sharp Mustard,72,13
12893,Mushroom Cabbage Pierogi with Fresh Sauerkraut & Onion,38,1
15663,Mac and Cheese Shells & White Cheddar Cheese,4,9
34937,Sweet Tea Drink Mix,90,7
41408,Goats Milk Cheese,21,16
14459,Strawberry Guanabana Asian Yogurt,120,16
29104,1000 Sheets Unscented Bathroom Tissue,54,17
38457,Seasoned Steamables the Mixd Vegetable Medley,116,1
7832,Lemon Shortbread,61,19
23860,U Matcha Yuzu Japanese Green Tea Powder,94,7
49678,Large Chicken & Cheese Taquitos,129,1
13910,Persian Rose Soap Bar,25,11
28881,Banana Cream Traditional Oikos Greek Yogurt,120,16
35527,Butter Flavored Cookies,61,19
28729,Organic Vegan Wild Mushroom Gravy,5,13
12713,Snack Size Candy Bar,45,19
6736,Moisturizing Cucumber Melon Shower Gel,25,11
27723,Slow Churned the Original Rocky Road,37,1
41409,Travel Toothbrush Soft,20,11
20019,Lowfat Kefir Smoothie Blueberry,120,16
39428,Peaches Large,24,4
23984,Ultra Sheer Dry-Touch Sunblock Broad Spectrum SPF 55,127,11
29326,Gluten Free Original English Muffins,93,3
14075,Cranberry Creme Brulee Kefir Cultured Lowfat Milk Smoothie,120,16
44349,Dry Roasted Pumpkin Seeds,117,19
709,Soft Eating Mango Flavor Liquorice,45,19
9065,Mint Chocolate Cookie Ice Cream,37,1
16345,Spinach & Kale,107,19
42842,Take Alongs Quik Clik Seal Large Rectangle Container,85,17
7432,Ultra Downy Infusions Amber Blossom Fabric Softener Sheets 105 Count,75,17
28459,Golden Grahams Cereal,121,14
46200,Outlast Xtend Secret Outlast Xtend Invisible Solid Completely Clean Antiperspirant/Deodorant 2.6 oz AP/DO & Body Spray,80,11
42540,Dumpling Hunan,42,1
42233,Standardized Elderberry Syrup Berry Flavor,47,11
19016,Bread, Artisan, Bake at Home Fresh Rosemary,112,3
37401,Rapid Relief Zinc Oxide Diaper Rash Cream,6,2
42003,Tasty Treasures with Turkey & Cheese in Gravy Cat Food,41,8
19810,Roast Beef Sandwich,13,20
25714,Puppy Pads,40,8
38127,Lowfat Strawberries n Cream Kefir,120,16
12552,Cocoa Powder Natural Sweetened,90,7
12436,Maximum Strength Instant Pain Relief Gel,20,11
46769,Gin Gins Spicy Apple Ginger Chews,50,19
39738,Natural Stain And Odor Eliminator,114,17
19827,The Milkiest Chocolate Ice Cream,37,1
2442,Jalapeño Pepper Slices,110,13
9318,California Peach Lowfat Yogurt,120,16
35959,Goldenseal Root,47,11
38390,Sliced Mild Cheddar Cheese,21,16
47428,Protein & Fiber Hot Oatmeal Farmers Market Berry Crumble,130,14
44459,Everything But The...® Ice Cream,37,1
44125,Diced Green Peppers,123,4
8678,Gallon Zipper Storage Bags,85,17
17625,Detoxificant No. 7,6,2
45038,Pledge FloorCare Multi-Surface Concentrated Cleaner,114,17
42099,Eucalyptus Ease Bubble Bath,6,2
17556,Healthy Multigrain Bread,112,3
4071,Organic Lemongrass Ginger Ramen,66,6
16550,Variety Cookies,61,19
49439,Organic Grade A Large Eggs,86,16
4514,Reduced Fat Colby-Jack Cheese Sticks,21,16
16896,Potato Chips Sweet Potato,107,19
18400,Baby Bedtime Bath,102,18
1823,Soft Eating Strawberry Flavored Licorice,45,19
42049,Pane Turano Italian Bread,112,3
18922,California Peach Greek Yogurt,120,16
18394,Asian Chopped Salad with Dressing,123,4
8676,Simply Salt Rice Snacks,78,19
21500,Gluten Free Vegetable Dumplings,129,1
14766,Sparkling Grapefruit,77,7
27472,Sausage Breakfast Bowl,52,1
1739,Anaheim Peppers,83,4
41752,Cleanse Smart Advanced Total-Body Internal Cleanse 30-Day Program Vegetable Capsules,6,2
4856,Honey Banana Chips,50,19
34005,Black Seedless Grapes,24,4
30244,Fine Artisan Dark Chocolate Extra Dark 82% Cacao,45,19
2886,Strawberry Raspberry Blended Greek Yogurt,120,16
11271,Crème Moisture Moisturizing Body Wash,127,11
21780,Medium Roast Whole Bean Organic Coffee,26,7
11505,Butter Flavor Microwave Popcorn,23,19
46617,Toffee Coffee Bar,45,19
22240,Strawberry Licorice Twist,45,19
9062,Special K Crustless Quiche Sausage, Quinoa, Peppers, Mozzarella & Asiago,100,21
27803,Apricot Energy Bar,3,19
5866,Bianco Organic Whole Peeled Tomatos,81,15
35128,Pastina Pasta,131,9
9862,Cold Pressed Fuji Apple Juice,31,7
38698,Popcorn Yellow,23,19
23130,Organic Sliced Bamboo Shoots,81,15
2060,Alphabet Cookies  Cinnamon Graham,61,19
26949,Tempt Unsweetened Original Hemp Milk,91,16
18254,All Natural Roasted Garlic Hummus,67,20
44456,Long Reach Matches,87,17
23126,Fine Ground Vital Mineral Blend,104,13
21724,Stir-fry Rice Noodles,66,6
33222,Lemonade with Mango,31,7
49247,Coconut Yoghurt,120,16
38247,Men Dry Protection Cool Rush Antiperspirant & Deodorant,80,11
7647,Turkey Meatballs,13,20
22922,Organic Canola Oil,19,13
43829,Unscented Thong Pantiliners,126,11
25150,Stuffed Queen Olives,110,13
25848,Nasal Cleansing Salt,11,11
20356,Thin Ultra Always Ultra Thin Slender Pads With Wings 36 count Feminine Care,126,11
35375,Raw Indonesian Creamy Cashews,117,19
27243,Premium Pure Cane Granulated Sugar,17,13
47392,100% Whole Wheat Premium Hot Dog Buns,43,3
23463,Facial Oil,109,11
4304,Chopped Curly Kale,116,1
6194,Organic Red Kidney Beans,68,10
15622,Chipotle In Adobo Sauce Peppers,30,6
18702,Fabanaise Chipotle Vegan Mayo Made With Aquafaba,72,13
18538,Salsa, Black Bean,51,13
32303,Red Seedless Grapes,24,4
30188,Hampton Creek,72,13
33487,Orange Liquid Water Enhancer,90,7
21908,Chile Ancho,30,6
7531,Cookies & Cream Baked Graham Snacks,61,19
6986,Diapers Overnight Free & Clear Size 6 (35+ lbs),56,18
40076,Smoked Mozzarella Cheese,13,20
4265,Chocolate Covered Gluten Free Wafer Bites,61,19
13085,Organic Hot Cocoa Mix,64,7
47759,Mandarin Oranges,24,4
43119,Dairy & Gluten Free Frozen Mexican Tamale Pie,38,1
46962,Organic Ground Cumin,104,13
34751,Instant Chocolate Pudding,105,13
32968,Invisible Solid Unscented Deodorant,80,11
14967,Favorites French Bread Supreme Pizza,79,1
36538,Grilled And Ready Oven Roasted Diced Chicken Breast,49,12
25404,Kettle Cooked Potato Chips Sea Salt,107,19
1508,Simply Delicious Gluten-Free Blissfully Berry Cereal,121,14
13927,No Sugar Added Sweet Relish,110,13
9533,Natural Butter Flavor Lite Maple Syrup,29,13
49204,Tablet Allergies,11,11
29199,Recycled Adult Ultra Soft Toothbrush,20,11
22640,Organic Half And Half,53,16
29086,Pea Protein Natural Unflavored,65,11
9684,LunchBlox Sandwich Kit,85,17
21298,Organic Cake Cones,37,1
16648,Roasted Red Peppers with Garlic in Olive Oil, Mild,81,15
9723,Gluten Free Brown Rice Penne Pasta,131,9
14149,T-Bonz Porterhouse Flavor Steak-Shaped Dog Treats,40,8
31432,Wild Herring Fillets Seasoned with Cracked Pepper,95,15
4253,French Onion Dip Potato Crisps,107,19
168,Halves & Pieces Walnuts,17,13
3403,Half Caff K Cup,26,7
12995,Cacao Hemp Walnut Bar,3,19
46212,Fog Chaser Coffee Single Serve Coffee K-Cups,26,7
1220,Cherry Soft Drink,77,7
40324,Gluten Free Sriracha Fire Sticks Chicken Patty Fritters,34,1
17759,No Salt Added Vegetable Bouilion Cubes,69,15
28910,Dark Mocha Almond Granola,3,19
9539,Fingernail Clipper,132,11
11620,Scented Oil Air Freshner Virgin Islands,101,17
11948,Matcha Green Tea,94,7
36301,Gold-Bears Gummi Candy,45,19
32015,Mint Clean Energy Guyasa Tea,94,7
10445,Decaffeinated French Roast Coffee,23,19
2183,Meatless and Soy-Free Meatballs,42,1
5216,Pickled Jalapeno Nacho Slices,81,15
7777,Whole Wheat Shells & Extra Cheesy Cheddar Sauce Creamy Deluxe Mac & Cheese,4,9
22776,White 12 5/8 in x 10 in Platters,111,17
47168,Whole Grain Brown Rice Thin Cakes,78,19
22647,Highest Lignan Flax Oil 100% Organic,47,11
26726,Bio-Active Silver Hydrosol 10 ppm Dietary Supplement,47,11
6101,Farfalle No. 93,131,9
13859,Lash Stiletto Ultimate Length Mascara Very Black 951,132,11
1165,Lightweight Moisturizin Argan & Rosewater Face Lotion,109,11
29696,Odor Block Scent Free Tall Kitchend Drawstring Bags,60,17
7325,Dark Blackout Organic Chocolate,45,19
19322,Original Flax Milk Dairy Free Protein+,91,16
22324,Pink Vodka Sauce,9,9
12430,Pain Eze Muscular Tension Tablets,118,11
45731,Diced Tomatoes with Oregano Garlic & Basil,81,15
19139,Honey BBQ Popcorn,23,19
32425,Major Dickasons Blend Dark Roast Coffee,26,7
43298,Belgian White Beer,27,5
13792,Hot n Spicy Snack Mix,125,19
26240,Maki Rolls,66,6
2523,Maximum Absorbency Long Length Incontinence Pads,126,11
12618,Organic Bananas Bananas Bananas Super Smooth Puree Stage 1,92,18
49494,Domingo Rojo Beans,59,15
29988,Chocolate Granola Bars,3,19
6940,Monterey Jack Style Cheese,21,16
4230,Leave-In Conditioner Argan Oil Plus Moisture Rich,22,11
19794,Toasted Coconut Chips Caramel Sea Salt,50,19
41952,Cheese Pizza Sticks Cheese,100,21
2575,Delights Chicken Sausage Egg Whites & Cheese English Muffin,52,1
1233,Baking Bar Ghirardelli 60% Cacao,17,13
9694,Hickory Ham & Cheddar in a Croissant Crust,38,1
27615,Ancho Chicken Rub,104,13
39687,Sage & Onion Stuffing Mix,125,19
9059,Kettle Cooked Malt Vinegar & Sea Salt Potato Chips,107,19
34872,Cellulose Sponge Cloth Multi-Purpose,114,17
1389,Cranberry Grape 100% Juice Blend,98,7
32905,Clementine,24,4
15615,Non Dairy Ranch Organic Dressing Gluten Free,89,13
11542,Coffee House Blend Deep Roast Coffee K,26,7
11662,Organic Green Kale,83,4
25841,Even Advanced Sea Mineral Cleansing Gel,109,11
43036,Original Diet Lemonade,98,7
880,Organic Smooth Move Chamomile Laxative Tea Bags,94,7
12230,Nausea Relief Wristband,118,11
44275,Mini Blueberry Muffins,93,3
13105,Mens Rogaine Hair Regrowth Treatment Foam 3-Month Supply,22,11
13535,Organic Medium Salsa,51,13
40501,Salsa Verde Roasted,67,20
44322,Light & Fit Greek Crunch Key Lime Pie,120,16
45315,Yogurt Nonfat Russian,120,16
38727,Merlot Columbia Valley 2007,28,5
9236,White Cheddar Macaroni & Cheese,4,9
11835,Moondance Kombucha,70,11
47829,Horseradish Cream Hot,72,13
35803,Homestyle Tart Cherry Lemonade Drink,98,7
38943,Mac & Cheese Cups,4,9
24368,Hot Wasabi Peas,66,6
48730,Hot & Spicy Chicken Flavor With Vegetables Ramen Noodles Bowl,4,9
10736,Chocolate Green SuperFood Infusion,47,11
22791,Organics 100% Juice Fruit Punch,98,7
3105,Cinnabon Classic Cinnamon Roll Coffee Creamer,53,16
36758,Triple Berry Blend,116,1
47436,Tarragon Leaves,104,13
19720,Greek 100 Calories Whips! Salted Caramel Fat Free Yogurt Mousse,120,16
43928,Creamy Swiss Original Wedges Cheese,21,16
24051,Cheese Pizza Bites,79,1
21402,Mango Syrup,29,13
14541,Organic Cleansing Make Up Removal Wipes For Sensitive Skin,25,11
37490,Wholesome Organic Powdered Sugar,17,13
43623,Shaved Blend Parmesian Cheese,21,16
46961,Colombia Luminosa Light Roast Coffee,26,7
10637,Spaghetti With Meat Sauce,38,1
26333,Original Pesto,9,9
1040,Clean Linen Wax Melts Refill,101,17
39948,Advanced Redness Eye Relief,44,11
42674,In-Shower Nourishing Body Lotion,127,11
6080,Organic High Protein Blueberry Harvest Granola,57,14
44588,Pearl Red Onions,83,4
3716,Ratanhia Toothpaste,20,11
26165,Electrolyte Enhanced Water,115,7
26369,Organic Roma Tomato,83,4
7145,Toothbrush Sanitizer, Snap-On Fresh Mint Aroma,20,11
30855,Chocolate Hazelnut Butter Blend,88,13
23640,Fleur de Sel,17,13
12619,Allergy Tablets,11,11
45310,Organic Peachy Green Tea,94,7
28155,Premium Lager Beer,27,5
4145,Organic Chicken Breast In Water,95,15
26575,Cooked Classic Italian Sausage,106,12
27881,Olives Organic Kalamata Pitted,110,13
7309,Frosted Mini Donuts,48,14
20927,Alcohol Free NuStevia Liquid,17,13
18984,Favorites Low-Fat Fudge Brownie Mix,105,13
15248,India Pale Ale Racer 5,27,5
25960,Corn Souffle,13,20
26707,Regular Length Thin Shape Maximum Absorbency Pads,126,11
19247,Moisturizing Cream For Dry Sensitive Skin,127,11
3777,Yellow Onion Bag,100,21
35440,FreshCare Flushable Cleansing Cloths Refill,54,17
40262,Allergy And Congestion Relief Tablets,11,11
22257,4x Concentrated Laundry Detergent Beach Sage,75,17
7674,Organic Pardina Lentils,63,9
48642,2-Ply Right Size 100% Recycled Paper Towels,54,17
10093,Chunky Roasted Garlic Pasta Sauce,9,9
16843,Allergy Relief From Mold And Fungus,11,11
2562,Quick & Easy Steel Cut Irish Oatmeal,130,14
8172,Mr. Cheese Os Snacks,107,19
32043,Organic Low Fat Vanila Milk,84,16
22068,VelVita Soft Baked Peanut Butter Biscuit,48,14
16357,Smoked Ham Off The Bone,122,12
27335,Earl Grey Black Tea,94,7
27249,100% Unbleached Recycled Bath Tissue,54,17
20486,Chamomile Replenishing Conditioner,22,11
27211,Mahi Mahi Fillet,39,12
40869,Happy Hoppers Gummy Candy,100,21
42515,Nilla Wafers Reduced Fat,61,19
11752,Super Moist Vanilla Cake Mix,105,13
19698,Egg Rolls Pork,129,1
12884,Sweeper X-Large Floor Mop Starter Kit,114,17
4725,Organic 3rd Foods Apples Prunes & Oranges with Yogurt Baby Food Organic Purees Fruit with Yogurt,92,18
25392,Plus Downy Clean Breeze Scent Liquid Laundry Detergent 46 oz 24 loads Laundry,75,17
20024,Soft Regular Indicator Toothbrush,20,11
44862,Peeled Paradise Found Mixed Fruit,50,19
17965,Sirloin Burger with Country Vegetables Soup,69,15
10640,Java Monster Mean Bean Energy Drink,64,7
6897,Dolmas with Raisins & Pine Nuts,110,13
39260,Sour Cream and Onion Flavored Potato Chips,100,21
466,Old Fashioned Vegetable Beef Soup,69,15
6355,Whole Wheat Pizza Dough,13,20
32455,Whole Grain Cheddar Baked Snack Crackers,78,19
29863,Junior Water Berry Flavored,98,7
23207,Clear Face Break Out Free Liquid Lotion Sunscreen Spf 30,73,11
31294,Oxylent Multivitamin Supplement Drink 5-in-1 Formula Sparkling Mandarin Flavor packet,47,11
15394,Organic Dried Mini Cranberries,100,21
9999,Cheese, Spreadable, Crescenza-Stracchino,2,16
40086,Morning Burst Hydrating Facial Cleanser,73,11
29570,Black Rubber Band Elastics,22,11
44597,Mini Beef Franks In Puff Pastry,129,1
565,Light and Fluffy  Blueberry Pancake Mix,130,14
3038,Premium Malt Beverage,27,5
36707,Fat Free Beef Broth,69,15
39337,Organic Refried Vegetarian Black Beans,59,15
43980,Gluten-Free Original Falafel Chips,107,19
7097,No Salt Added Chicken Broth,69,15
25551,Big Sur Breakfast Burrito,52,1
25167,All-Natural Harvest Grape Fruit Strip,50,19
15215,Butter Babies Potatoes,83,4
4818,Classic Vanilla Coffee Creamer,6,2
39704,One Chocolate Coconut Cashew Meal Bar,45,19
28602,Organic Just Strawberries And Banana,50,19
45986,Baby Clams,95,15
10135,Organic Spicy Falafel Chips,107,19
48629,Tough Actin Antifungal Cream,118,11
35371,Chocolate Reduced Fat Milk,84,16
11266,Dried Mangos,117,19
39767,Rotisserie Seasoned Chicken Breast,96,20
6737,Chocolate Creme Cake,8,3
12557,Organic Chewy Dark Chocolate Almond Granola Bars,3,19
39632,Oil-Free Acne Wash Cream Cleanser,73,11
13621,Simply Pinto Bean & Flax Bean Chips,107,19
48790,Oral Electrolyte Solution Mixed Fruit,92,18
31051,Coconut Lime Cream Shave,55,11
18251,Starfruit (Carambola),100,21
7457,Tolnaftate Deodorant Powder Spray Antifungal,133,11
41861,Sour Cream & Onion Bunnies Baked Snack Crackers,78,19
22385,K-Kritters Chocolate Animal Cookies,61,19
26497,Romaine Lettuce,83,4
1445,Light Pomegranate/Blueberry,120,16
21236,Nourish Strengthener,127,11
18037,Organic Sprouted Wheat Sesame Bagels,93,3
9648,Tomato and Basil Bombolina Pasta Sauce,9,9
6414,Clean Care Big Roll Toilet Paper,54,17
37108,Dust & Allergen Furniture Spray,114,17
9142,Whole Grain Cornbread and Muffin Mix,105,13
7780,Guava Mamma Vitality Beverage,31,7
48684,Lemon Herb Asparagus Seasoning Sauce,5,13
23780,VIA Instant Latte Vanilla Latte Instant Coffee,26,7
34293,Blue Sugar Sprinkles,97,13
43774,Kale Krunch Organic, Tarragon Dijon,107,19
35761,Ultra Thin Slices Sharp Cheddar Cheese,21,16
37027,Brazillian Keratin Therapy Conditioner,22,11
4970,Little Bites Seasonal Favorites Pumpkin Muffins,61,19
16167,Whole Milk New Orleans Coffee Yogurt,120,16
21880,Individually Wrapped Mini Cakes Crumb Cake,61,19
4860,Sesame Bagel,117,19
28801,Organic Mixed Berry Snack Bar,3,19
15797,Fruit Burst Mixed Berry Squeezers,98,7
49302,Bulgarian Yogurt,120,16
1004,Vitamin E Moisture Rich Shampoo for Dry or Damaged Hair,22,11
47632,Honest Diapers,56,18
19633,Raspberry Ginger Tea,94,7
10578,Honey Tangerine Juice,98,7
16387,Cold-Pressed Organic Grapefruit,98,7
20939,Honey Mustard Yogurt Dressing,89,13
15205,Sardines With Lemon Packed In Olive Oil,95,15
15672,Brownie Bites,61,19
42917,Churro Tortilla Chips,107,19
12969,Fresh Blueberry Vanilla Goat Cheese,21,16
26946,Blue Fusion Fruit & Veggie Smoothie,113,1
37023,Mango Sauce,66,6
38034,Gluten Free Cherry Breakfast Bars,48,14
13868,Sparkle Moisturizing Body Wash, Diamond Powder & White Calla Blossom Scent,127,11
3291,Gluten Free Chocolate Chip Quinoa Cookies,61,19
28803,Cruncha ma me  Freeze-Dried Edamame Veggie Snack Jalapeno,50,19
28986,Mild Italian Chicken Sausage,106,12
38822,Premium Capers,110,13
6808,Organic Spinach & Cheese Tortellini,12,9
18185,Kona Blend Whole Bean Coffee,26,7
30673,Harissa Hot Sauce,51,13
39627,Falafel Mix,105,13
32434,Triple Moisture Body Wash,127,11
45296,Tostitos  Scoops,107,19
35669,Paper Towels Pick-A-Size,54,17
1499,Black Olive Spread,88,13
17142,Tandoori Inspired Spiced Chicken,38,1
45641,Organic Whole Greek Olive Mix,110,13
28376,Baking Cups Foil,97,13
2433,Meyer Lemons,24,4
34797,Apple Strawberry Juice,31,7
31035,Ricotta & Parmigiano Tortellini,12,9
19814,Green Tea With Ginseng And Honey,94,7
4065,Bean, Cheese Rice, Salsa Wrap,30,6
21187,Classic Macaroni & Beef in Tomato Sauce,38,1
13912,VitaSea Juice,31,7
44443,Sun-Dried Tomatoes In Extra Virgin Olive Oil,81,15
7443,Classic Recipe Milk Chocolate Bar,45,19
11045,Venus Olay Shave Gel,55,11
22113,Organi Cheddar Cheese Mild sliced,21,16
44026,Safari Cocoa Crunch Cereal,121,14
45594,Goats Milk Feta,21,16
43960,PlugIns Scented Oil Pure Vanilla Joy Refills,101,17
645,Prenatal One Tablets,47,11
22698,Americone Dream Ice Cream Cup,37,1
47268,Lotzza Motzza Sausage Pizza,79,1
14999,Grade A Large Brown Eggs,86,16
333,Basil Daly Bar Soap,25,11
40838,Beef Stroganoff Sauce Mix,5,13
6060,Turkey Salami Slices,96,20
20865,Concentrated Bleach Clean Linen,75,17
9614,Organic Acai Superfood Juice,31,7
22723,Mellow Mood Relaxation, Honey & Green Tea, Decaffeinated,94,7
10747,Petite Breakfast Fresh Brie,2,16
17708,Organic Corn Tortillas,128,3
15297,Strawberry Oikos Greek Yogurt,120,16
33080,Fresh Organic Carrots,100,21
49656,Masada Kosher Pocket Bread,128,3
6348,Mini Original Babybel Cheese,21,16
35845,Yukon Gold Potato,123,4
20771,Chlorine Free Ultra-Thin Super Pads,126,11
38427,Soft Rolls,43,3
6893,Apple Pear & Peach Squeezable Fruit,92,18
12452,Gluten Free Orzo Pasta,131,9
7338,Island Mango Premium Fruit Snacks,50,19
8813,Sensitive Skin Stain Remover & Color Booster 24 Loads,75,17
30171,Sonoma Veggie Burger,42,1
49061,Artisan Goat Milk Ricotta Cheese,21,16
14934,Pineapple Teriyaki Marinade,66,6
45905,Heavy Duty Jumbo Litter Box Liners,41,8
9686,Sea Salt And Vinegar Kale Chips,107,19
18503,Light Cream,53,16
5188,Fruit Juicy Red Punch,98,7
49493,75% Dark Chocolate Bar,45,19
30080,Seed Celery,104,13
29677,Green Tea Oval Soap,25,11
22154,Hemp Oil  Organic Cold Pressed,47,11
33672,Shredded Monterey Jack Cheese,21,16
32358,Protein & Greens Natural Flavor Drink Mix,65,11
41931,Touch Garlic Press,10,17
417,Classics Baby Binks Easter Chocolate Bunny,100,21
34799,Counter Attack, Tablets,47,11
25581,Blueberry Lowfat Yogurt,120,16
20180,Purrfect Delights Tuna–Topia Dinner Flaked in Sauce Cat Food,41,8
17726,Holiday Nog,31,7
46415,Bocconcini,21,16
19999,Calming Baby Bee Nourishing Lotion,102,18
23714,Organic Elevate Juice Blend,98,7
22275,Sriracha Hot Chili Sauce,66,6
42007,American Yellow Cheese,2,16
